<?xml version="1.0" encoding="UTF-8"?>
<spirit:component xmlns:xilinx="http://www.xilinx.com" xmlns:spirit="http://www.spiritconsortium.org/XMLSchema/SPIRIT/1685-2009" xmlns:xsi="http://www.w3.org/2001/XMLSchema-instance">
  <spirit:vendor>user.org</spirit:vendor>
  <spirit:library>user</spirit:library>
  <spirit:name>synchronizer</spirit:name>
  <spirit:version>1.0</spirit:version>
  <spirit:busInterfaces>
    <spirit:busInterface>
      <spirit:name>sync_clk</spirit:name>
      <spirit:busType spirit:vendor="xilinx.com" spirit:library="signal" spirit:name="clock" spirit:version="1.0"/>
      <spirit:abstractionType spirit:vendor="xilinx.com" spirit:library="signal" spirit:name="clock_rtl" spirit:version="1.0"/>
      <spirit:slave/>
      <spirit:portMaps>
        <spirit:portMap>
          <spirit:logicalPort>
            <spirit:name>CLK</spirit:name>
          </spirit:logicalPort>
          <spirit:physicalPort>
            <spirit:name>sync_clk</spirit:name>
          </spirit:physicalPort>
        </spirit:portMap>
      </spirit:portMaps>
    </spirit:busInterface>
  </spirit:busInterfaces>
  <spirit:model>
    <spirit:views>
      <spirit:view>
        <spirit:name>xilinx_verilogsynthesis</spirit:name>
        <spirit:displayName>Verilog Synthesis</spirit:displayName>
        <spirit:envIdentifier>verilogSource:vivado.xilinx.com:synthesis</spirit:envIdentifier>
        <spirit:language>verilog</spirit:language>
        <spirit:modelName>synchronizer_v1_0</spirit:modelName>
        <spirit:fileSetRef>
          <spirit:localName>xilinx_verilogsynthesis_view_fileset</spirit:localName>
        </spirit:fileSetRef>
        <spirit:parameters>
          <spirit:parameter>
            <spirit:name>viewChecksum</spirit:name>
            <spirit:value>4f3c0163</spirit:value>
          </spirit:parameter>
        </spirit:parameters>
      </spirit:view>
      <spirit:view>
        <spirit:name>xilinx_verilogbehavioralsimulation</spirit:name>
        <spirit:displayName>Verilog Simulation</spirit:displayName>
        <spirit:envIdentifier>verilogSource:vivado.xilinx.com:simulation</spirit:envIdentifier>
        <spirit:language>verilog</spirit:language>
        <spirit:modelName>synchronizer_v1_0</spirit:modelName>
        <spirit:fileSetRef>
          <spirit:localName>xilinx_verilogbehavioralsimulation_view_fileset</spirit:localName>
        </spirit:fileSetRef>
        <spirit:parameters>
          <spirit:parameter>
            <spirit:name>viewChecksum</spirit:name>
            <spirit:value>4f3c0163</spirit:value>
          </spirit:parameter>
        </spirit:parameters>
      </spirit:view>
      <spirit:view>
        <spirit:name>xilinx_softwaredriver</spirit:name>
        <spirit:displayName>Software Driver</spirit:displayName>
        <spirit:envIdentifier>:vivado.xilinx.com:sw.driver</spirit:envIdentifier>
        <spirit:fileSetRef>
          <spirit:localName>xilinx_softwaredriver_view_fileset</spirit:localName>
        </spirit:fileSetRef>
        <spirit:parameters>
          <spirit:parameter>
            <spirit:name>viewChecksum</spirit:name>
            <spirit:value>88c94f9c</spirit:value>
          </spirit:parameter>
        </spirit:parameters>
      </spirit:view>
      <spirit:view>
        <spirit:name>xilinx_xpgui</spirit:name>
        <spirit:displayName>UI Layout</spirit:displayName>
        <spirit:envIdentifier>:vivado.xilinx.com:xgui.ui</spirit:envIdentifier>
        <spirit:fileSetRef>
          <spirit:localName>xilinx_xpgui_view_fileset</spirit:localName>
        </spirit:fileSetRef>
        <spirit:parameters>
          <spirit:parameter>
            <spirit:name>viewChecksum</spirit:name>
            <spirit:value>fedbc611</spirit:value>
          </spirit:parameter>
        </spirit:parameters>
      </spirit:view>
      <spirit:view>
        <spirit:name>bd_tcl</spirit:name>
        <spirit:displayName>Block Diagram</spirit:displayName>
        <spirit:envIdentifier>:vivado.xilinx.com:block.diagram</spirit:envIdentifier>
        <spirit:fileSetRef>
          <spirit:localName>bd_tcl_view_fileset</spirit:localName>
        </spirit:fileSetRef>
        <spirit:parameters>
          <spirit:parameter>
            <spirit:name>viewChecksum</spirit:name>
            <spirit:value>45a2f450</spirit:value>
          </spirit:parameter>
        </spirit:parameters>
      </spirit:view>
    </spirit:views>
    <spirit:ports>
      <spirit:port>
        <spirit:name>sync_clk</spirit:name>
        <spirit:wire>
          <spirit:direction>in</spirit:direction>
          <spirit:wireTypeDefs>
            <spirit:wireTypeDef>
              <spirit:typeName>wire</spirit:typeName>
              <spirit:viewNameRef>xilinx_verilogsynthesis</spirit:viewNameRef>
              <spirit:viewNameRef>xilinx_verilogbehavioralsimulation</spirit:viewNameRef>
            </spirit:wireTypeDef>
          </spirit:wireTypeDefs>
        </spirit:wire>
      </spirit:port>
      <spirit:port>
        <spirit:name>signal_in</spirit:name>
        <spirit:wire>
          <spirit:direction>in</spirit:direction>
          <spirit:vector>
            <spirit:left spirit:format="long" spirit:resolve="dependent" spirit:dependency="(spirit:decode(id(&apos;MODELPARAM_VALUE.SIGNAL_WIDTH&apos;)) - 1)">23</spirit:left>
            <spirit:right spirit:format="long">0</spirit:right>
          </spirit:vector>
          <spirit:wireTypeDefs>
            <spirit:wireTypeDef>
              <spirit:typeName>wire</spirit:typeName>
              <spirit:viewNameRef>xilinx_verilogsynthesis</spirit:viewNameRef>
              <spirit:viewNameRef>xilinx_verilogbehavioralsimulation</spirit:viewNameRef>
            </spirit:wireTypeDef>
          </spirit:wireTypeDefs>
        </spirit:wire>
      </spirit:port>
      <spirit:port>
        <spirit:name>signal_out</spirit:name>
        <spirit:wire>
          <spirit:direction>out</spirit:direction>
          <spirit:vector>
            <spirit:left spirit:format="long" spirit:resolve="dependent" spirit:dependency="(spirit:decode(id(&apos;MODELPARAM_VALUE.SIGNAL_WIDTH&apos;)) - 1)">23</spirit:left>
            <spirit:right spirit:format="long">0</spirit:right>
          </spirit:vector>
          <spirit:wireTypeDefs>
            <spirit:wireTypeDef>
              <spirit:typeName>wire</spirit:typeName>
              <spirit:viewNameRef>xilinx_verilogsynthesis</spirit:viewNameRef>
              <spirit:viewNameRef>xilinx_verilogbehavioralsimulation</spirit:viewNameRef>
            </spirit:wireTypeDef>
          </spirit:wireTypeDefs>
        </spirit:wire>
      </spirit:port>
    </spirit:ports>
    <spirit:modelParameters>
      <spirit:modelParameter xsi:type="spirit:nameValueTypeType" spirit:dataType="integer">
        <spirit:name>SIGNAL_WIDTH</spirit:name>
        <spirit:displayName>Signal Width</spirit:displayName>
        <spirit:value spirit:format="long" spirit:resolve="generated" spirit:id="MODELPARAM_VALUE.SIGNAL_WIDTH">24</spirit:value>
      </spirit:modelParameter>
      <spirit:modelParameter spirit:dataType="integer">
        <spirit:name>SYNC_STAGES</spirit:name>
        <spirit:displayName>Sync Stages</spirit:displayName>
        <spirit:value spirit:format="long" spirit:resolve="generated" spirit:id="MODELPARAM_VALUE.SYNC_STAGES">4</spirit:value>
      </spirit:modelParameter>
    </spirit:modelParameters>
  </spirit:model>
  <spirit:fileSets>
    <spirit:fileSet>
      <spirit:name>xilinx_verilogsynthesis_view_fileset</spirit:name>
      <spirit:file>
        <spirit:name>src/sync_signal.v</spirit:name>
        <spirit:fileType>verilogSource</spirit:fileType>
      </spirit:file>
      <spirit:file>
        <spirit:name>hdl/synchronizer_v1_0.v</spirit:name>
        <spirit:fileType>verilogSource</spirit:fileType>
        <spirit:userFileType>CHECKSUM_3666b3b9</spirit:userFileType>
      </spirit:file>
    </spirit:fileSet>
    <spirit:fileSet>
      <spirit:name>xilinx_verilogbehavioralsimulation_view_fileset</spirit:name>
      <spirit:file>
        <spirit:name>src/sync_signal.v</spirit:name>
        <spirit:fileType>verilogSource</spirit:fileType>
      </spirit:file>
      <spirit:file>
        <spirit:name>hdl/synchronizer_v1_0.v</spirit:name>
        <spirit:fileType>verilogSource</spirit:fileType>
      </spirit:file>
    </spirit:fileSet>
    <spirit:fileSet>
      <spirit:name>xilinx_softwaredriver_view_fileset</spirit:name>
      <spirit:file>
        <spirit:name>drivers/synchronizer_v1_0/data/synchronizer.mdd</spirit:name>
        <spirit:userFileType>mdd</spirit:userFileType>
        <spirit:userFileType>driver_mdd</spirit:userFileType>
      </spirit:file>
      <spirit:file>
        <spirit:name>drivers/synchronizer_v1_0/data/synchronizer.tcl</spirit:name>
        <spirit:fileType>tclSource</spirit:fileType>
        <spirit:userFileType>driver_tcl</spirit:userFileType>
      </spirit:file>
      <spirit:file>
        <spirit:name>drivers/synchronizer_v1_0/src/Makefile</spirit:name>
        <spirit:userFileType>driver_src</spirit:userFileType>
      </spirit:file>
      <spirit:file>
        <spirit:name>drivers/synchronizer_v1_0/src/synchronizer.h</spirit:name>
        <spirit:fileType>cSource</spirit:fileType>
        <spirit:userFileType>driver_src</spirit:userFileType>
      </spirit:file>
      <spirit:file>
        <spirit:name>drivers/synchronizer_v1_0/src/synchronizer.c</spirit:name>
        <spirit:fileType>cSource</spirit:fileType>
        <spirit:userFileType>driver_src</spirit:userFileType>
      </spirit:file>
      <spirit:file>
        <spirit:name>drivers/synchronizer_v1_0/src/synchronizer_selftest.c</spirit:name>
        <spirit:fileType>cSource</spirit:fileType>
        <spirit:userFileType>driver_src</spirit:userFileType>
      </spirit:file>
    </spirit:fileSet>
    <spirit:fileSet>
      <spirit:name>xilinx_xpgui_view_fileset</spirit:name>
      <spirit:file>
        <spirit:name>xgui/synchronizer_v1_0.tcl</spirit:name>
        <spirit:fileType>tclSource</spirit:fileType>
        <spirit:userFileType>CHECKSUM_fedbc611</spirit:userFileType>
        <spirit:userFileType>XGUI_VERSION_2</spirit:userFileType>
      </spirit:file>
    </spirit:fileSet>
    <spirit:fileSet>
      <spirit:name>bd_tcl_view_fileset</spirit:name>
      <spirit:file>
        <spirit:name>bd/bd.tcl</spirit:name>
        <spirit:fileType>tclSource</spirit:fileType>
      </spirit:file>
    </spirit:fileSet>
  </spirit:fileSets>
  <spirit:description>Synchronizer Block</spirit:description>
  <spirit:parameters>
    <spirit:parameter>
      <spirit:name>Component_Name</spirit:name>
      <spirit:value spirit:resolve="user" spirit:id="PARAM_VALUE.Component_Name" spirit:order="1">synchronizer_v1_0</spirit:value>
    </spirit:parameter>
    <spirit:parameter>
      <spirit:name>SIGNAL_WIDTH</spirit:name>
      <spirit:displayName>Signal Width</spirit:displayName>
      <spirit:value spirit:format="long" spirit:resolve="user" spirit:id="PARAM_VALUE.SIGNAL_WIDTH">24</spirit:value>
    </spirit:parameter>
    <spirit:parameter>
      <spirit:name>SYNC_STAGES</spirit:name>
      <spirit:displayName>Sync Stages</spirit:displayName>
      <spirit:value spirit:format="long" spirit:resolve="user" spirit:id="PARAM_VALUE.SYNC_STAGES">4</spirit:value>
    </spirit:parameter>
  </spirit:parameters>
  <spirit:vendorExtensions>
    <xilinx:coreExtensions>
      <xilinx:supportedFamilies>
        <xilinx:family xilinx:lifeCycle="Pre-Production">zynq</xilinx:family>
      </xilinx:supportedFamilies>
      <xilinx:taxonomies>
        <xilinx:taxonomy>AXI_Peripheral</xilinx:taxonomy>
      </xilinx:taxonomies>
      <xilinx:displayName>synchronizer_v1.0</xilinx:displayName>
      <xilinx:coreRevision>7</xilinx:coreRevision>
      <xilinx:coreCreationDateTime>2022-02-09T20:10:01Z</xilinx:coreCreationDateTime>
      <xilinx:tags>
        <xilinx:tag xilinx:name="ui.data.coregen.dd@136c5a9b_ARCHIVE_LOCATION">/home/thanx/HDL-Workspace/Xilinx_SDK_Workspace/MyAudio/CantaviStreamer6-single-tc-grplc-int-tm_sw_sip_cc_MK/ip-repo/synchronizer_1.0</xilinx:tag>
        <xilinx:tag xilinx:name="ui.data.coregen.dd@17c0cded_ARCHIVE_LOCATION">/home/thanx/HDL-Workspace/Xilinx_SDK_Workspace/MyAudio/CantaviStreamer6-single-tc-grplc-int-tm_sw_sip_cc_MK/ip-repo/synchronizer_1.0</xilinx:tag>
        <xilinx:tag xilinx:name="ui.data.coregen.dd@64e2bf4c_ARCHIVE_LOCATION">/home/thanx/HDL-Workspace/Xilinx_SDK_Workspace/MyAudio/CantaviStreamer6-single-tc-grplc-int-tm_sw_sip_cc_MK/ip-repo/synchronizer_1.0</xilinx:tag>
        <xilinx:tag xilinx:name="ui.data.coregen.dd@21b2c9f_ARCHIVE_LOCATION">/home/thanx/HDL-Workspace/Xilinx_SDK_Workspace/MyAudio/CantaviStreamer6-single-tc-grplc-int-tm_sw_sip_cc_MK/ip-repo/synchronizer_1.0</xilinx:tag>
        <xilinx:tag xilinx:name="ui.data.coregen.dd@5d96ed3f_ARCHIVE_LOCATION">/home/thanx/HDL-Workspace/Xilinx_SDK_Workspace/MyAudio/CantaviStreamer6-single-tc-grplc-int-tm_sw_sip_cc_MK/ip-repo/synchronizer_1.0</xilinx:tag>
        <xilinx:tag xilinx:name="ui.data.coregen.dd@71bbf472_ARCHIVE_LOCATION">/home/thanx/HDL-Workspace/Xilinx_SDK_Workspace/MyAudio/CantaviStreamer6-single-tc-grplc-int-tm_sw_sip_cc_MK/ip-repo/synchronizer_1.0</xilinx:tag>
        <xilinx:tag xilinx:name="ui.data.coregen.dd@3cbf8e72_ARCHIVE_LOCATION">/home/thanx/HDL-Workspace/Xilinx_SDK_Workspace/MyAudio/CantaviStreamer6-single-tc-grplc-int-tm_sw_sip_cc_MK/ip-repo/synchronizer_1.0</xilinx:tag>
        <xilinx:tag xilinx:name="ui.data.coregen.dd@4f46be60_ARCHIVE_LOCATION">/home/thanx/HDL-Workspace/Xilinx_SDK_Workspace/MyAudio/CantaviStreamer6-single-tc-grplc-int-tm_sw_sip_cc_MK/ip-repo/synchronizer_1.0</xilinx:tag>
        <xilinx:tag xilinx:name="ui.data.coregen.dd@55566771_ARCHIVE_LOCATION">/home/thanx/HDL-Workspace/Xilinx_SDK_Workspace/MyAudio/CantaviStreamer6-single-tc-grplc-int-tm_sw_sip_cc_MK/ip-repo/synchronizer_1.0</xilinx:tag>
        <xilinx:tag xilinx:name="ui.data.coregen.dd@4ccb1681_ARCHIVE_LOCATION">/home/thanx/HDL-Workspace/Xilinx_SDK_Workspace/MyAudio/CantaviStreamer6-single-tc-grplc-int-tm_sw_sip_cc_MK/ip-repo/synchronizer_1.0</xilinx:tag>
        <xilinx:tag xilinx:name="ui.data.coregen.dd@546e48d6_ARCHIVE_LOCATION">/home/thanx/HDL-Workspace/Xilinx_SDK_Workspace/MyAudio/CantaviStreamer6-single-tc-grplc-int-tm_sw_sip_cc_MK/ip-repo/synchronizer_1.0</xilinx:tag>
        <xilinx:tag xilinx:name="ui.data.coregen.dd@125f38dd_ARCHIVE_LOCATION">/home/thanx/HDL-Workspace/Xilinx_SDK_Workspace/MyAudio/CantaviStreamer6-single-tc-grplc-int-tm_sw_sip_cc_MK/ip-repo/synchronizer_1.0</xilinx:tag>
        <xilinx:tag xilinx:name="ui.data.coregen.dd@3217be9b_ARCHIVE_LOCATION">/home/thanx/HDL-Workspace/Xilinx_SDK_Workspace/MyAudio/CantaviStreamer6-single-tc-grplc-int-tm_sw_sip_cc_MK/ip-repo/synchronizer_1.0</xilinx:tag>
        <xilinx:tag xilinx:name="ui.data.coregen.dd@59f77ba8_ARCHIVE_LOCATION">/home/thanx/HDL-Workspace/Xilinx_SDK_Workspace/MyAudio/CantaviStreamer6-single-tc-grplc-int-tm_sw_sip_cc_MK/ip-repo/synchronizer_1.0</xilinx:tag>
        <xilinx:tag xilinx:name="ui.data.coregen.dd@4b51f083_ARCHIVE_LOCATION">/home/thanx/HDL-Workspace/Xilinx_SDK_Workspace/MyAudio/CantaviStreamer6-single-tc-grplc-int-tm_sw_sip_cc_MK/ip-repo/synchronizer_1.0</xilinx:tag>
        <xilinx:tag xilinx:name="ui.data.coregen.dd@7ed5fa10_ARCHIVE_LOCATION">/home/thanx/HDL-Workspace/Xilinx_SDK_Workspace/MyAudio/CantaviStreamer6-single-tc-grplc-int-tm_sw_sip_cc_MK/ip-repo/synchronizer_1.0</xilinx:tag>
        <xilinx:tag xilinx:name="ui.data.coregen.dd@2035fe4e_ARCHIVE_LOCATION">/home/thanx/HDL-Workspace/Xilinx_SDK_Workspace/MyAudio/CantaviStreamer6-single-tc-grplc-int-tm_sw_sip_cc_MK/ip-repo/synchronizer_1.0</xilinx:tag>
        <xilinx:tag xilinx:name="ui.data.coregen.dd@22134f5f_ARCHIVE_LOCATION">/home/thanx/HDL-Workspace/Xilinx_SDK_Workspace/MyAudio/CantaviStreamer6-single-tc-grplc-int-tm_sw_sip_cc_MK/ip-repo/synchronizer_1.0</xilinx:tag>
        <xilinx:tag xilinx:name="ui.data.coregen.dd@11fe0ba2_ARCHIVE_LOCATION">/home/thanx/HDL-Workspace/Xilinx_SDK_Workspace/MyAudio/CantaviStreamer6-single-tc-grplc-int-tm_sw_sip_cc_MK/ip-repo/synchronizer_1.0</xilinx:tag>
        <xilinx:tag xilinx:name="ui.data.coregen.dd@7e16b431_ARCHIVE_LOCATION">/home/thanx/HDL-Workspace/Xilinx_SDK_Workspace/MyAudio/CantaviStreamer6-single-tc-grplc-int-tm_sw_sip_cc_MK/ip-repo/synchronizer_1.0</xilinx:tag>
        <xilinx:tag xilinx:name="ui.data.coregen.dd@77f3a502_ARCHIVE_LOCATION">/home/thanx/HDL-Workspace/Xilinx_SDK_Workspace/MyAudio/CantaviStreamer6-single-tc-grplc-int-tm_sw_sip_cc_MK/ip-repo/synchronizer_1.0</xilinx:tag>
        <xilinx:tag xilinx:name="ui.data.coregen.dd@45a4f33b_ARCHIVE_LOCATION">/home/thanx/HDL-Workspace/Xilinx_SDK_Workspace/MyAudio/CantaviStreamer6-single-tc-grplc-int-tm_sw_sip_cc_MK/ip-repo/synchronizer_1.0</xilinx:tag>
        <xilinx:tag xilinx:name="ui.data.coregen.dd@50b75828_ARCHIVE_LOCATION">/home/thanx/HDL-Workspace/Xilinx_SDK_Workspace/MyAudio/CantaviStreamer6-single-tc-grplc-int-tm_sw_sip_cc_MK/ip-repo/synchronizer_1.0</xilinx:tag>
        <xilinx:tag xilinx:name="ui.data.coregen.dd@21d65fbf_ARCHIVE_LOCATION">/home/thanx/HDL-Workspace/Xilinx_SDK_Workspace/MyAudio/CantaviStreamer6-single-tc-grplc-int-tm_sw_sip_cc_MK/ip-repo/synchronizer_1.0</xilinx:tag>
        <xilinx:tag xilinx:name="ui.data.coregen.dd@33049401_ARCHIVE_LOCATION">/home/thanx/HDL-Workspace/Xilinx_SDK_Workspace/MyAudio/CantaviStreamer6-single-tc-grplc-int-tm_sw_sip_cc_MK/ip-repo/synchronizer_1.0</xilinx:tag>
        <xilinx:tag xilinx:name="ui.data.coregen.dd@e3b49cb_ARCHIVE_LOCATION">/home/thanx/HDL-Workspace/Xilinx_SDK_Workspace/MyAudio/CantaviStreamer6-single-tc-grplc-int-tm_sw_sip_cc_MK/ip-repo/synchronizer_1.0</xilinx:tag>
        <xilinx:tag xilinx:name="ui.data.coregen.dd@47c06ab5_ARCHIVE_LOCATION">/home/thanx/HDL-Workspace/Xilinx_SDK_Workspace/MyAudio/CantaviStreamer6-single-tc-grplc-int-tm_sw_sip_cc_MK/ip-repo/synchronizer_1.0</xilinx:tag>
        <xilinx:tag xilinx:name="ui.data.coregen.dd@7e016b7d_ARCHIVE_LOCATION">/home/thanx/HDL-Workspace/Xilinx_SDK_Workspace/MyAudio/CantaviStreamer6-single-tc-grplc-int-tm_sw_sip_cc_MK/ip-repo/synchronizer_1.0</xilinx:tag>
        <xilinx:tag xilinx:name="ui.data.coregen.dd@22e7a774_ARCHIVE_LOCATION">/home/thanx/HDL-Workspace/Xilinx_SDK_Workspace/MyAudio/CantaviStreamer6-single-tc-grplc-int-tm_sw_sip_cc_MK/ip-repo/synchronizer_1.0</xilinx:tag>
        <xilinx:tag xilinx:name="ui.data.coregen.dd@689c50ae_ARCHIVE_LOCATION">/home/thanx/HDL-Workspace/Xilinx_SDK_Workspace/MyAudio/CantaviStreamer6-single-tc-grplc-int-tm_sw_sip_cc_MK/ip-repo/synchronizer_1.0</xilinx:tag>
        <xilinx:tag xilinx:name="ui.data.coregen.dd@4293fbb3_ARCHIVE_LOCATION">/home/thanx/HDL-Workspace/Xilinx_SDK_Workspace/MyAudio/CantaviStreamer6-single-tc-grplc-int-tm_sw_sip_cc_MK/ip-repo/synchronizer_1.0</xilinx:tag>
        <xilinx:tag xilinx:name="ui.data.coregen.dd@4ea37c9b_ARCHIVE_LOCATION">/home/thanx/HDL-Workspace/Xilinx_SDK_Workspace/MyAudio/CantaviStreamer6-single-tc-grplc-int-tm_sw_sip_cc_MK/ip-repo/synchronizer_1.0</xilinx:tag>
        <xilinx:tag xilinx:name="ui.data.coregen.dd@43e94621_ARCHIVE_LOCATION">/home/thanx/HDL-Workspace/Xilinx_SDK_Workspace/MyAudio/CantaviStreamer6-single-tc-grplc-int-tm_sw_sip_cc_MK/ip-repo/synchronizer_1.0</xilinx:tag>
        <xilinx:tag xilinx:name="ui.data.coregen.dd@5d92ca1b_ARCHIVE_LOCATION">/home/thanx/HDL-Workspace/Xilinx_SDK_Workspace/MyAudio/CantaviStreamer6-single-tc-grplc-int-tm_sw_sip_cc_MK/ip-repo/synchronizer_1.0</xilinx:tag>
        <xilinx:tag xilinx:name="ui.data.coregen.dd@4852ea3c_ARCHIVE_LOCATION">/home/thanx/HDL-Workspace/Xilinx_SDK_Workspace/MyAudio/CantaviStreamer6-single-tc-grplc-int-tm_sw_sip_cc_MK/ip-repo/synchronizer_1.0</xilinx:tag>
        <xilinx:tag xilinx:name="ui.data.coregen.dd@d8144f2_ARCHIVE_LOCATION">/home/thanx/HDL-Workspace/Xilinx_SDK_Workspace/MyAudio/CantaviStreamer6-single-tc-grplc-int-tm_sw_sip_cc_MK/ip-repo/synchronizer_1.0</xilinx:tag>
        <xilinx:tag xilinx:name="ui.data.coregen.dd@237e8acc_ARCHIVE_LOCATION">/home/thanx/HDL-Workspace/Xilinx_SDK_Workspace/MyAudio/CantaviStreamer6-single-tc-grplc-int-tm_sw_sip_cc_MK/ip-repo/synchronizer_1.0</xilinx:tag>
        <xilinx:tag xilinx:name="ui.data.coregen.dd@458be820_ARCHIVE_LOCATION">/home/thanx/HDL-Workspace/Xilinx_SDK_Workspace/MyAudio/CantaviStreamer6-single-tc-grplc-int-tm_sw_sip_cc_MK/ip-repo/synchronizer_1.0</xilinx:tag>
        <xilinx:tag xilinx:name="ui.data.coregen.dd@453bd8b6_ARCHIVE_LOCATION">/home/thanx/HDL-Workspace/Xilinx_SDK_Workspace/MyAudio/CantaviStreamer6-single-tc-grplc-int-tm_sw_sip_cc_MK/ip-repo/synchronizer_1.0</xilinx:tag>
        <xilinx:tag xilinx:name="ui.data.coregen.dd@ede9104_ARCHIVE_LOCATION">/home/thanx/HDL-Workspace/Xilinx_SDK_Workspace/MyAudio/CantaviStreamer6-single-tc-grplc-int-tm_sw_sip_cc_MK/ip-repo/synchronizer_1.0</xilinx:tag>
        <xilinx:tag xilinx:name="ui.data.coregen.dd@68cca7bf_ARCHIVE_LOCATION">/home/thanx/HDL-Workspace/Xilinx_SDK_Workspace/MyAudio/CantaviStreamer6-single-tc-grplc-int-tm_sw_sip_cc_MK/ip-repo/synchronizer_1.0</xilinx:tag>
        <xilinx:tag xilinx:name="ui.data.coregen.dd@6617aab6_ARCHIVE_LOCATION">/home/thanx/HDL-Workspace/Xilinx_SDK_Workspace/MyAudio/CantaviStreamer6-single-tc-grplc-int-tm_sw_sip_cc_MK/ip-repo/synchronizer_1.0</xilinx:tag>
        <xilinx:tag xilinx:name="ui.data.coregen.dd@28254cec_ARCHIVE_LOCATION">/home/thanx/HDL-Workspace/Xilinx_SDK_Workspace/MyAudio/CantaviStreamer6-single-tc-grplc-int-tm_sw_sip_cc_MK/ip-repo/synchronizer_1.0</xilinx:tag>
        <xilinx:tag xilinx:name="ui.data.coregen.dd@53c6b517_ARCHIVE_LOCATION">/home/thanx/HDL-Workspace/Xilinx_SDK_Workspace/MyAudio/CantaviStreamer6-single-tc-grplc-int-tm_sw_sip_cc_MK/ip-repo/synchronizer_1.0</xilinx:tag>
        <xilinx:tag xilinx:name="ui.data.coregen.dd@4414a913_ARCHIVE_LOCATION">/home/thanx/HDL-Workspace/Xilinx_SDK_Workspace/MyAudio/CantaviStreamer6-single-tc-grplc-int-tm_sw_sip_cc_MK/ip-repo/synchronizer_1.0</xilinx:tag>
        <xilinx:tag xilinx:name="ui.data.coregen.dd@5bbbdb89_ARCHIVE_LOCATION">/home/thanx/HDL-Workspace/Xilinx_SDK_Workspace/MyAudio/CantaviStreamer6-single-tc-grplc-int-tm_sw_sip_cc_MK/ip-repo/synchronizer_1.0</xilinx:tag>
        <xilinx:tag xilinx:name="ui.data.coregen.dd@30ce93e3_ARCHIVE_LOCATION">/home/thanx/HDL-Workspace/Xilinx_SDK_Workspace/MyAudio/CantaviStreamer6-single-tc-grplc-int-tm_sw_sip_cc_MK/ip-repo/synchronizer_1.0</xilinx:tag>
        <xilinx:tag xilinx:name="ui.data.coregen.dd@764dd6ad_ARCHIVE_LOCATION">/home/thanx/HDL-Workspace/Xilinx_SDK_Workspace/MyAudio/CantaviStreamer6-single-tc-grplc-int-tm_sw_sip_cc_MK/ip-repo/synchronizer_1.0</xilinx:tag>
        <xilinx:tag xilinx:name="ui.data.coregen.dd@37a446d0_ARCHIVE_LOCATION">/home/thanx/HDL-Workspace/Xilinx_SDK_Workspace/MyAudio/CantaviStreamer6-single-tc-grplc-int-tm_sw_sip_cc_MK/ip-repo/synchronizer_1.0</xilinx:tag>
        <xilinx:tag xilinx:name="ui.data.coregen.dd@b5f3823_ARCHIVE_LOCATION">/home/thanx/HDL-Workspace/Xilinx_SDK_Workspace/MyAudio/CantaviStreamer6-single-tc-grplc-int-tm_sw_sip_cc_MK/ip-repo/synchronizer_1.0</xilinx:tag>
        <xilinx:tag xilinx:name="ui.data.coregen.dd@fcc18c8_ARCHIVE_LOCATION">/home/thanx/HDL-Workspace/Xilinx_SDK_Workspace/MyAudio/CantaviStreamer6-single-tc-grplc-int-tm_sw_sip_cc_MK/ip-repo/synchronizer_1.0</xilinx:tag>
        <xilinx:tag xilinx:name="ui.data.coregen.dd@48bcf586_ARCHIVE_LOCATION">/home/thanx/HDL-Workspace/Xilinx_SDK_Workspace/MyAudio/CantaviStreamer6-single-tc-grplc-int-tm_sw_sip_cc_MK/ip-repo/synchronizer_1.0</xilinx:tag>
        <xilinx:tag xilinx:name="ui.data.coregen.dd@451ead84_ARCHIVE_LOCATION">/home/thanx/HDL-Workspace/Xilinx_SDK_Workspace/MyAudio/CantaviStreamer6-single-tc-grplc-int-tm_sw_sip_cc_MK/ip-repo/synchronizer_1.0</xilinx:tag>
        <xilinx:tag xilinx:name="ui.data.coregen.dd@4bcf99d2_ARCHIVE_LOCATION">/home/thanx/HDL-Workspace/Xilinx_SDK_Workspace/MyAudio/CantaviStreamer6-single-tc-grplc-int-tm_sw_sip_cc_MK/ip-repo/synchronizer_1.0</xilinx:tag>
        <xilinx:tag xilinx:name="ui.data.coregen.dd@4860a1_ARCHIVE_LOCATION">/home/thanx/HDL-Workspace/Xilinx_SDK_Workspace/MyAudio/CantaviStreamer6-single-tc-grplc-int-tm_sw_sip_cc_MK/ip-repo/synchronizer_1.0</xilinx:tag>
        <xilinx:tag xilinx:name="ui.data.coregen.dd@7c61e045_ARCHIVE_LOCATION">/home/thanx/HDL-Workspace/Xilinx_SDK_Workspace/MyAudio/CantaviStreamer6-single-tc-grplc-int-tm_sw_sip_cc_MK/ip-repo/synchronizer_1.0</xilinx:tag>
        <xilinx:tag xilinx:name="ui.data.coregen.dd@105729e8_ARCHIVE_LOCATION">/home/thanx/HDL-Workspace/Xilinx_SDK_Workspace/MyAudio/CantaviStreamer6-single-tc-grplc-int-tm_sw_sip_cc_MK/ip-repo/synchronizer_1.0</xilinx:tag>
        <xilinx:tag xilinx:name="ui.data.coregen.dd@70231705_ARCHIVE_LOCATION">/home/thanx/HDL-Workspace/Xilinx_SDK_Workspace/MyAudio/CantaviStreamer6-single-tc-grplc-int-tm_sw_sip_cc_MK/ip-repo/synchronizer_1.0</xilinx:tag>
        <xilinx:tag xilinx:name="ui.data.coregen.dd@77dbe70f_ARCHIVE_LOCATION">/home/thanx/HDL-Workspace/Xilinx_SDK_Workspace/MyAudio/CantaviStreamer6-single-tc-grplc-int-tm_sw_sip_cc_MK/ip-repo/synchronizer_1.0</xilinx:tag>
        <xilinx:tag xilinx:name="ui.data.coregen.dd@303f10d8_ARCHIVE_LOCATION">/home/thanx/HDL-Workspace/Xilinx_SDK_Workspace/MyAudio/CantaviStreamer6-single-tc-grplc-int-tm_sw_sip_cc_MK/ip-repo/synchronizer_1.0</xilinx:tag>
        <xilinx:tag xilinx:name="ui.data.coregen.dd@5073fee3_ARCHIVE_LOCATION">/home/thanx/HDL-Workspace/Xilinx_SDK_Workspace/MyAudio/CantaviStreamer6-single-tc-grplc-int-tm_sw_sip_cc_MK/ip-repo/synchronizer_1.0</xilinx:tag>
        <xilinx:tag xilinx:name="ui.data.coregen.dd@3bfa009_ARCHIVE_LOCATION">/home/thanx/HDL-Workspace/Xilinx_SDK_Workspace/MyAudio/CantaviStreamer6-single-tc-grplc-int-tm_sw_sip_cc_MK/ip-repo/synchronizer_1.0</xilinx:tag>
        <xilinx:tag xilinx:name="ui.data.coregen.dd@4550c043_ARCHIVE_LOCATION">/home/thanx/HDL-Workspace/Xilinx_SDK_Workspace/MyAudio/CantaviStreamer6-single-tc-grplc-int-tm_sw_sip_cc_MK/ip-repo/synchronizer_1.0</xilinx:tag>
        <xilinx:tag xilinx:name="ui.data.coregen.dd@1cecbf0f_ARCHIVE_LOCATION">/home/thanx/HDL-Workspace/Xilinx_SDK_Workspace/MyAudio/CantaviStreamer6-single-tc-grplc-int-tm_sw_sip_cc_MK/ip-repo/synchronizer_1.0</xilinx:tag>
        <xilinx:tag xilinx:name="ui.data.coregen.dd@64c5a7e3_ARCHIVE_LOCATION">/home/thanx/HDL-Workspace/Xilinx_SDK_Workspace/MyAudio/CantaviStreamer6-single-tc-grplc-int-tm_sw_sip_cc_MK/ip-repo/synchronizer_1.0</xilinx:tag>
        <xilinx:tag xilinx:name="ui.data.coregen.dd@19660d2b_ARCHIVE_LOCATION">/home/thanx/HDL-Workspace/Xilinx_SDK_Workspace/MyAudio/CantaviStreamer6-single-tc-grplc-int-tm_sw_sip_cc_MK/ip-repo/synchronizer_1.0</xilinx:tag>
        <xilinx:tag xilinx:name="ui.data.coregen.dd@4afe76a0_ARCHIVE_LOCATION">/home/thanx/HDL-Workspace/Xilinx_SDK_Workspace/MyAudio/CantaviStreamer6-single-tc-grplc-int-tm_sw_sip_cc_MK/ip-repo/synchronizer_1.0</xilinx:tag>
        <xilinx:tag xilinx:name="ui.data.coregen.dd@593f5f0d_ARCHIVE_LOCATION">/home/thanx/HDL-Workspace/Xilinx_SDK_Workspace/MyAudio/CantaviStreamer6-single-tc-grplc-int-tm_sw_sip_cc_MK/ip-repo/synchronizer_1.0</xilinx:tag>
        <xilinx:tag xilinx:name="ui.data.coregen.dd@1c535bb5_ARCHIVE_LOCATION">/home/thanx/HDL-Workspace/Xilinx_SDK_Workspace/MyAudio/CantaviStreamer6-single-tc-grplc-int-tm_sw_sip_cc_MK/ip-repo/synchronizer_1.0</xilinx:tag>
        <xilinx:tag xilinx:name="ui.data.coregen.dd@296bbccb_ARCHIVE_LOCATION">/home/thanx/HDL-Workspace/Xilinx_SDK_Workspace/MyAudio/CantaviStreamer6-single-tc-grplc-int-tm_sw_sip_cc_MK/ip-repo/synchronizer_1.0</xilinx:tag>
        <xilinx:tag xilinx:name="ui.data.coregen.dd@4aa77ea6_ARCHIVE_LOCATION">/home/thanx/HDL-Workspace/Xilinx_SDK_Workspace/MyAudio/CantaviStreamer6-single-tc-grplc-int-tm_sw_sip_cc_MK/ip-repo/synchronizer_1.0</xilinx:tag>
        <xilinx:tag xilinx:name="ui.data.coregen.dd@6b854aaa_ARCHIVE_LOCATION">/home/thanx/HDL-Workspace/Xilinx_SDK_Workspace/MyAudio/CantaviStreamer6-single-tc-grplc-int-tm_sw_sip_cc_MK/ip-repo/synchronizer_1.0</xilinx:tag>
        <xilinx:tag xilinx:name="ui.data.coregen.dd@b577d82_ARCHIVE_LOCATION">/home/thanx/HDL-Workspace/Xilinx_SDK_Workspace/MyAudio/CantaviStreamer6-single-tc-grplc-int-tm_sw_sip_cc_MK/ip-repo/synchronizer_1.0</xilinx:tag>
        <xilinx:tag xilinx:name="ui.data.coregen.dd@770c778_ARCHIVE_LOCATION">/home/thanx/HDL-Workspace/Xilinx_SDK_Workspace/MyAudio/CantaviStreamer6-single-tc-grplc-int-tm_sw_sip_cc_MK/ip-repo/synchronizer_1.0</xilinx:tag>
        <xilinx:tag xilinx:name="ui.data.coregen.dd@38f399e1_ARCHIVE_LOCATION">/home/thanx/HDL-Workspace/Xilinx_SDK_Workspace/MyAudio/CantaviStreamer6-single-tc-grplc-int-tm_sw_sip_cc_MK/ip-repo/synchronizer_1.0</xilinx:tag>
        <xilinx:tag xilinx:name="ui.data.coregen.dd@45b089c3_ARCHIVE_LOCATION">/home/thanx/HDL-Workspace/Xilinx_SDK_Workspace/MyAudio/CantaviStreamer6-single-tc-grplc-int-tm_sw_sip_cc_MK/ip-repo/synchronizer_1.0</xilinx:tag>
      </xilinx:tags>
    </xilinx:coreExtensions>
    <xilinx:packagingInfo>
      <xilinx:xilinxVersion>2018.3</xilinx:xilinxVersion>
      <xilinx:checksum xilinx:scope="busInterfaces" xilinx:value="059ec3e2"/>
      <xilinx:checksum xilinx:scope="fileGroups" xilinx:value="ff7923cd"/>
      <xilinx:checksum xilinx:scope="ports" xilinx:value="401aaa29"/>
      <xilinx:checksum xilinx:scope="hdlParameters" xilinx:value="d20329e4"/>
      <xilinx:checksum xilinx:scope="parameters" xilinx:value="99ce6e16"/>
    </xilinx:packagingInfo>
  </spirit:vendorExtensions>
</spirit:component>
